municipality,province,year,"AGRICOLTURA, POLITICHE AGROALIMENTARI E PESCA",ANTICIPAZIONI FINANZIARIE,ASSETTO DEL TERRITORIO ED EDILIZIA ABITATIVA,DEBITO PUBBLICO,"DIRITTI SOCIALI, POLITICHE SOCIALI E FAMIGLIA",Disavanzo di amministrazione,ENERGIA E DIVERSIFICAZIONE DELLE FONTI ENERGETICHE,FONDI E ACCANTONAMENTI,GIUSTIZIA,ISTRUZIONE E DIRITTO ALLO STUDIO,ORDINE PUBBLICO E SICUREZZA,"POLITICHE GIOVANILI, SPORT E TEMPO LIBERO",POLITICHE PER IL LAVORO E LA FORMAZIONE PROFESSIONALE,RELAZIONI CON LE ALTRE AUTONOMIE TERRITORIALI E LOCALI,RELAZIONI INTERNAZIONALI,"SERVIZI ISTITUZIONALI, GENERALI E DI GESTIONE",SERVIZI PER CONTO TERZI,SOCCORSO CIVILE,SVILUPPO ECONOMICO E COMPETITIVITÃ€,SVILUPPO SOSTENIBILE E TUTELA DEL TERRITORIO E DELL'AMBIENTE,TOTALE SPESE,TRASPORTI E DIRITTO ALLA MOBILITA',TURISMO,TUTELA DELLA SALUTE,TUTELA E VALORIZZAZIONE DEI BENI E ATTIVITA' CULTURALI
BENEVENTO,BN,2017,0,59914481,7237597,4603406,6168584,NA,3708,0,192170,1399981,2637244,203362,0,0,0,17667066,16657988,381307,978639,18343413,147736026,10427544,1851,0,917686
MONTEPARANO,TA,2017,0,1325125,51100,132113,18787,NA,0,0,0,123738,126299,0,0,0,0,861059,202829,0,0,267996,3490986,370162,0,0,11778
BADOLATO,CZ,2017,0,0,186524,128216,179887,NA,268318,0,0,185206,38774,9000,0,0,0,1600322,1032063,0,121189,411537,4402060,240177,0,0,846
CERDA,PA,2017,NA,NA,NA,NA,NA,NA,NA,NA,NA,NA,NA,NA,NA,NA,NA,NA,NA,NA,NA,NA,NA,NA,NA,NA,NA
CASTELDACCIA,PA,2017,NA,NA,NA,NA,NA,NA,NA,NA,NA,NA,NA,NA,NA,NA,NA,NA,NA,NA,NA,NA,NA,NA,NA,NA,NA
FRAGNETO L'ABATE,BN,2017,0,0,538247,51795,2000,NA,0,0,0,45043,42096,0,0,0,0,726447,1767767,7357,0,448330,4385636,756553,0,0,0
BROLO,ME,2017,0,0,0,0,0,0,0,0,0,0,0,0,0,0,0,0,0,0,0,0,0,0,0,0,0
PORTOCANNONE,CB,2017,0,3720708,2708725,228293,4212071,0,31894,165909,0,163740,13749,16663,0,4449,0,972593,449310,0,7097,818403,13836309,296305,5524,0,20877
BELLEGRA,RM,2017,0,1872842,195518,242398,142396,NA,0,0,0,323522,125063,0,0,0,0,802263,482994,0,0,507505,4762211,67710,0,0,0
ALIFE,CE,2017,0,0,0,0,0,0,0,0,0,0,0,0,0,0,0,0,0,0,0,0,0,0,0,0,0
MAZZARRA' SANT'ANDREA,ME,2017,NA,NA,NA,NA,NA,NA,NA,NA,NA,NA,NA,NA,NA,NA,NA,NA,NA,NA,NA,NA,NA,NA,NA,NA,NA
SAN CALOGERO,VV,2017,0,75454,42694,350555,35383,NA,0,0,0,58912,85142,1000,88548,0,0,826120,341116,0,0,863161,3036579,207324,1020,46589,13562
CASTEL CAMPAGNANO,CE,2017,0,1510144,434114,123696,30936,NA,21977,0,0,99456,64967,2113,0,0,0,469972,256936,37496,3698,273846,3593364,263179,0,0,833
AMANTEA,CS,2017,0,12320103,1977477,2201032,3645525,0,1132,3287636,1515,1784402,1282839,710122,550703,0,0,3620098,3452021,26305,1435531,16136135,60721487,7308108,379436,0,601369
ARGENTERA,CN,2017,0,0,0,0,0,0,0,0,0,0,0,0,0,0,0,0,0,0,0,0,0,0,0,0,0
LOCRI,RC,2017,0,0,208226,762050,615007,NA,0,0,272888,1008114,417457,22426,0,0,0,2986150,2922362,0,0,2660078,12658299,583855,47600,0,152087
CORCHIANO,VT,2017,0,3479303,123403,434528,372601,75494,139382,0,0,259019,164000,18927,0,0,0,1960405,626705,27689,0,1111864,8912081,83827,6000,0,104427
GIOIA TAURO,RC,2017,0,10015000,3357521,727944,1689938,0,0,100000,0,379253,346050,1030322,0,0,0,5803138,1561000,50000,39000,8828842,34171004,0,0,0,242996
PIZZO,VV,2017,0,191347,290268,630024,158102,NA,0,113260,762,225927,227061,69154,0,0,0,3314281,4876811,17035,0,3262083,13857318,416970,0,0,64232
MURO LUCANO,PZ,2017,57061,5123653,409816,126151,1693534,NA,294032,0,0,389210,197580,24882,0,0,0,1289679,2260540,0,29487,806675,13190073,303308,24603,0,159864
AZZANO MELLA,BS,2017,0,0,22302,238461,122673,NA,0,0,0,870337,48643,10952,0,0,0,1028152,296662,810,0,291852,3080897,146501,0,0,3552
CHIEUTI,FG,2017,0,144778,34074,112426,64844,NA,0,0,0,61045,66589,49445,0,0,0,776919,4493761,5754,176344,512597,6629753,127364,0,0,3813
TAURIANOVA,RC,2017,0,0,390659,624795,749104,NA,108626,0,2694,527769,377233,34347,0,0,0,3339291,17522194,88028,119629,1994038,26752168,838719,0,0,35041
SAN MANGO D'AQUINO,CZ,2017,0,662192,33444,73827,194206,NA,0,92723,0,56406,33864,106975,0,0,0,707215,1525316,0,0,395981,4486296,400990,150437,0,52720
ARDEA,RM,2017,0,140583,424973,2126822,3161061,NA,0,0,0,2430169,1123583,7000,0,0,0,9741092,3117333,32440,540543,9556245,33492368,1073713,15187,0,1623
BOVALINO,RC,2017,0,0,543980,118496,152306,NA,0,0,0,98124,118191,252494,0,0,0,1988881,591624,0,0,2905736,6817175,0,0,0,47344
CASSARO,SR,2017,0,195237,35157,50874,164376,NA,0,0,0,104115,44400,196,0,0,0,447028,1603734,1381,0,198889,2973051,66400,0,0,61264
NICOTERA,VV,2018,0,0,593791,305938,34131,NA,0,0,16955,208646,106412,2916,0,0,0,1367130,575845,310,0,1679442,4961774,0,0,0,70259
SOMMATINO,CL,2018,NA,NA,NA,NA,NA,NA,NA,NA,NA,NA,NA,NA,NA,NA,NA,NA,NA,NA,NA,NA,NA,NA,NA,NA,NA
TERNI,TR,2018,553,120235078,13378945,14128404,29501420,1830471,0,0,257098,21360672,5216109,2959807,0,0,16856,60481866,51191576,3723054,1146244,50758918,405027716,23450889,744445,2154708,4321074
RIACE,RC,2018,0,0,290524,89717,2532851,NA,0,0,0,151399,90048,0,0,0,0,586052,257482,0,0,445339,4463412,0,0,0,20000
BORGETTO,PA,2018,NA,NA,NA,NA,NA,NA,NA,NA,NA,NA,NA,NA,NA,NA,NA,NA,NA,NA,NA,NA,NA,NA,NA,NA,NA
PIGNATARO INTERAMNA,FR,2018,0,3813089,0,496785,19582,NA,0,0,0,324791,108359,1418,0,0,0,550936,2060211,192,1000,104231,7714585,231815,0,0,2176
MONREALE,PA,2018,24196,6860025,695597,3540067,3254750,NA,0,0,6480,2259686,1173436,23917,0,0,0,12043914,31493352,147313,17740,7534320,71908053,2159534,115809,0,557919
MONTE PORZIO CATONE,RM,2018,11928,3563303,859827,537114,7343242,50566,0,314685,0,2428353,379012,126413,0,0,0,2733967,25544539,12800,9000,2230755,47511889,1064742,51491,0,300718
ZAGARISE,CZ,2018,380,1184955,40076,35225,22258,NA,0,0,1879,22293,68168,10861,0,0,0,537655,197171,0,0,216026,2601837,41563,34622,0,188706
MANDATORICCIO,CS,2018,0,4000000,655796,599419,46051,116060,746496,429538,0,120666,235147,78617,0,0,0,1743210,3617887,920,37020,2100418,15039302,586414,9003,0,32700
CASERTA,CE,2018,0,25000000,10397021,22322047,9498431,1861847,70000,573162,199171,5786753,5068943,543639,0,0,0,24970150,111460211,101435,983421,33335017,261650291,8505391,27922,0,2807577
VIZZINI,CT,2018,NA,NA,NA,NA,NA,NA,NA,NA,NA,NA,NA,NA,NA,NA,NA,NA,NA,NA,NA,NA,NA,NA,NA,NA,NA
ARAGONA,AG,2018,NA,NA,NA,NA,NA,NA,NA,NA,NA,NA,NA,NA,NA,NA,NA,NA,NA,NA,NA,NA,NA,NA,NA,NA,NA
VILLARICCA,NA,2018,0,10999638,1056439,1957645,732127,NA,0,0,52158,882575,948501,1306,0,0,0,8163536,5964592,52948,2023,4962659,36946756,1056017,0,0,114594
CAULONIA,RC,2018,0,6317052,546097,510410,2127067,NA,0,0,0,372024,313811,6115,0,0,0,3072049,5403578,0,9002,1332985,20606994,0,0,0,596805
BOLOGNETTA,PA,2018,500,4684344,364205,256742,629383,0,0,0,0,919573,149001,16917,0,0,0,1923780,1478149,9485,34405,1039473,11999802,363349,25967,0,104529
CARDETO,RC,2018,0,300000,4421825,120875,692296,0,2472321,7000,0,138366,109352,34791,0,0,0,923653,1304218,15000,170383,1322932,12086199,0,20000,0,33187
CAMPIONE D'ITALIA,CO,2018,0,19034917,0,4457293,1506391,NA,0,0,498459,798294,2603739,118740,0,0,0,19040067,13671877,18001,0,489079,63488728,685998,267947,0,297927
BACOLI,NA,2018,0,23000000,2424384,2629190,3000057,1032810,0,794384,0,2667523,1914509,308238,0,0,0,8656447,11201000,111840,254708,13432222,75757310,4326079,865000,0,171730
CASSINO,FR,2018,0,3091096,754594,3067184,4839138,NA,0,0,284946,2087682,1053128,74713,0,0,0,7418041,3307996,71781,267458,7276891,36893389,3114419,0,0,184323
SAN LORENZO DEL VALLO,CS,2018,0,1634629,18358,421125,29497,NA,0,0,0,82563,172277,0,0,0,0,811599,900115,0,0,376811,4553552,85510,0,0,21070
GIARRE,CT,2018,14200,44267056,2748751,2435877,15833017,839543,6575,4643390,150614,2424000,2115637,332529,0,261,0,12638716,74152515,716265,350162,15718553,182323788,3210650,124473,0,440548
CANCELLO ED ARNONE,CE,2018,0,224935,8143,0,7834,NA,0,0,0,11096,226063,0,0,0,0,852971,468826,0,0,611524,2795910,21123,363395,0,0
SANTA MARINELLA,RM,2018,383,13019428,517669,1190699,1482270,NA,0,0,0,723526,671287,127367,0,0,0,8351941,4391382,13334,1025968,5209921,38944028,1914698,41903,0,262253
CAROLEI,CS,2018,0,0,13881,113679,150998,NA,19052,0,0,157660,40942,4919,0,0,0,777306,428250,5700,0,410345,2174958,46778,0,0,5449
BOJANO,CB,2018,3962,2680069,1012659,8604692,1752987,0,3945980,1340328,3579,3570339,307343,69034,0,0,0,2917891,11761059,169645,5196170,8105025,53488179,1910107,30288,0,107023
MONTEMILETTO,AV,2018,0,1578185,1170527,264486,588745,25673,0,87507,0,725609,207912,399430,0,0,0,2092353,11060864,4117,911005,2206126,23209404,1729420,165175,0,17943
PARTINICO,PA,2018,0,0,0,0,0,0,0,0,0,0,0,0,0,0,0,0,0,0,0,0,0,0,0,0,0
MARANO DI NAPOLI,NA,2018,0,24110772,1240702,3142999,3650303,NA,0,0,11027,1229311,2460731,0,0,0,0,6770189,9023255,27586,61533,15666828,69955518,2560281,0,0,0
CATANIA,CT,2018,0,449478806,4055168,48439492,52450382,NA,196601,0,1175777,17445695,27446020,4832478,169,0,0,100233100,453236742,581080,2753202,84706775,1329268032,73760101,661519,1628521,6186405
PIEDIMONTE MATESE,CE,2019,0,8000000,6037937,397717,1866773,385351,0,140000,165592,4332769,398134,2254368,0,0,0,6794000,11831904,495277,1000,5549991,48426532,68328,0,0,92741
MELITO DI NAPOLI,NA,2019,0,8703968,1039814,1205953,13191809,123045,1281083,300000,155000,1193715,811502,2405364,6667,0,0,6774355,16502030,2220,4095000,11924596,70499079,778645,0,0,127357
SANT'AGATA DE' GOTI,BN,2019,0,6678534,361958,661449,72499,NA,0,0,9430,380497,499468,0,14463,0,0,2863588,2173780,10772,8424,2305566,16240903,133000,49772,0,17703
MAGLIANO ROMANO,RM,2019,2647,1601514,693550,49929,93594,12219,0,5000,0,209706,67607,78312,0,0,0,646153,530280,0,0,410323,4394976,0,0,0,6363
CASTELVETRANO,TP,2019,0,0,0,0,0,0,0,0,0,0,0,0,0,0,0,0,0,0,0,0,0,0,0,0,0
SAN FRATELLO,ME,2019,9934,2707210,0,280624,54572,NA,0,0,0,433607,94379,152959,0,0,0,2100794,1503194,3992,0,710412,8180348,89879,0,0,38791
FRATTE ROSA,PU,2019,0,126693,8424,161596,36758,NA,0,0,0,94554,43271,59258,0,0,0,416635,209016,2652,5632,189972,1554673,185573,0,0,14639
MOTTA SAN GIOVANNI,RC,2019,24818,1208006,413312,362667,134879,152784,22756,24000,0,228388,240651,51282,0,6000,0,2362076,5316776,3000,300,5688030,17126655,963487,73929,0,2299
CRUCOLI,KR,2019,0,1983489,1358288,535122,1210864,111929,100000,377490,0,774455,169951,167973,0,0,0,1615207,877959,0,248,4436063,14629879,0,51572,0,971200
CASANDRINO,NA,2019,0,0,2700,282270,587035,NA,0,0,0,296570,770192,1941,0,0,0,2673068,1025024,25814,61616,1958250,8077143,392664,0,0,0
QUARTO,NA,2019,0,6117667,2521459,2628221,3244511,1414989,93282,100000,1308,725941,4445824,2873645,0,0,0,16832393,106710752,519836,331317,32050432,183674123,4476936,0,0,600
LAVAGNA,GE,2019,0,2475542,234565,3261952,1392586,NA,1362,0,0,800770,803923,132445,2763,0,0,3995610,5790891,8864,0,3238521,23087409,610390,126984,20684,189558
SANT'ARPINO,CE,2019,0,313144,772143,1612164,1029362,NA,0,0,0,299343,568077,48066,0,0,0,1845009,964044,35490,324,1935616,9603161,152371,0,0,28008
RANDAZZO,CT,2019,95547,6963037,188731,236737,745039,NA,0,0,11005,334250,411186,5735,0,0,0,3348974,3796705,3000,58830,2923347,19908317,667773,32785,0,85637
DINAMI,VV,2019,0,181126,263967,119195,60161,NA,0,0,0,321335,35075,0,0,0,0,455801,577487,0,0,353921,2374295,0,0,0,6227
CASTROVILLARI,CS,2019,700,4999043,922454,2999494,983798,NA,0,0,31335,807127,654730,85170,0,0,0,4669848,2238587,8879,70475,4345116,23631920,508195,113051,0,193917
MARINEO,PA,2019,NA,NA,NA,NA,NA,NA,NA,NA,NA,NA,NA,NA,NA,NA,NA,NA,NA,NA,NA,NA,NA,NA,NA,NA,NA
SAN LORENZO MAGGIORE,BN,2019,0,0,0,0,0,0,0,0,0,0,0,0,0,0,0,0,0,0,0,0,0,0,0,0,0
CERCHIARA DI CALABRIA,CS,2019,0,1127810,3095160,377085,1653975,0,259274,0,1030,766143,156573,746305,0,534,0,2837284,8984755,0,10374,2609876,30973245,2988085,2122177,0,3236807
PAOLISI,BN,2019,0,948210,1800,0,8708,NA,0,0,0,48605,112082,0,0,0,0,1133677,427539,0,0,8201,2688822,0,0,0,0
PACHINO,SR,2019,180059,13025284,3019876,23620158,7136312,994979,0,80000,14399,1540441,1061903,1552863,0,0,0,8891289,19750143,1632462,84611,18161714,100733285,63001,268588,0,650181
NOLA,NA,2019,0,0,1554939,2443685,2817784,NA,0,0,0,791979,1618077,24126,0,0,0,9980725,27259432,3016,245199,6792970,56168171,2096529,23300,0,516410
BRIATICO,VV,2019,0,0,656925,233675,5934,NA,0,0,0,287068,104181,0,0,0,0,576941,504712,0,0,1473189,3842624,0,0,0,0
PAGANI,SA,2019,0,4800000,965345,1132451,12648750,1185500,0,0,0,13500317,1833731,948255,0,0,0,8512096,10693415,48679,445763,28732834,91528224,6917783,243983,0,104822
ROSOLINI,SR,2019,2964,14131352,205338,1582397,789017,NA,0,0,44,474572,645220,14200,0,0,0,3558317,2494019,5427,249819,3950437,28280225,0,19787,0,157316
BELVEDERE MARITTIMO,CS,2019,0,8022517,778925,438900,198885,NA,0,0,11487,415162,618479,55397,0,0,0,2203056,1327947,46884,25166,2674557,17413744,520440,60230,360,15354
LUCERA,FG,2019,138121,17632018,36260,1867928,3586764,NA,437692,0,0,766602,1118021,545,0,0,0,11524273,5623070,133234,269168,5112348,49796742,1069636,4375,0,476688
COSENZA,CS,2019,0,49439296,5486215,12104567,8597558,NA,0,0,472153,2675163,5590043,986330,0,0,0,24629641,43674302,542913,831207,23228026,184564537,2208282,114049,0,3984791
PORTICO DI CASERTA,CE,2019,0,2672800,23060,216085,148410,NA,0,0,0,294015,239731,22210,62844,0,0,933596,1553107,0,0,1173667,7718330,378706,0,0,100
MASSAROSA,LU,2019,0,16002340,988458,1342602,2496878,NA,39791,0,0,3360778,698878,265652,0,0,0,5079324,2697448,198107,156366,4178589,38580965,899547,33585,0,142622
MOROLO,FR,2019,0,3318508,159742,368555,394264,NA,0,0,0,249565,79460,107152,0,0,0,686918,360047,0,0,422971,6450668,210238,5151,0,88099
CONDOFURI,RC,2019,0,2809377,16820,451146,495639,NA,0,0,0,255741,0,134936,0,0,0,1101996,693721,0,0,1032603,7363575,136573,142472,0,92550
SCANNO,AQ,2019,0,2002500,14592,267471,354000,14733,0,24187,0,391730,72404,43715,0,0,0,1245522,594325,0,750,1055717,7042964,369522,370699,7227,228601
RIESI,CL,2019,17558,6374499,661940,435869,993520,NA,0,0,0,307094,188081,69371,0,0,0,2436082,4555225,2532,36794,1523545,17704507,27901,0,0,74496
CARAFFA DI CATANZARO,CZ,2020,170160,850000,855864,132889,170115,48063,0,91982,0,3268064,244954,19034,0,0,0,1394292,853687,3000,46387,1146705,9926048,622861,0,0,56053
FICARAZZI,PA,2020,NA,NA,NA,NA,NA,NA,NA,NA,NA,NA,NA,NA,NA,NA,NA,NA,NA,NA,NA,NA,NA,NA,NA,NA,NA
MELITO DI PORTO SALVO,RC,2020,21759,2297296,6024540,1811561,4440717,255761,3789638,46000,27,1825930,700458,111347,422630,0,0,4787295,15061907,13619,155850,9875420,52680168,0,150912,0,1143264
PALOMBARO,CH,2020,0,1010000,2414176,352674,179951,15678,50000,40815,0,103778,11426,89692,0,0,0,776069,1716241,2010,37124,317366,7679698,549432,4337,17339,7269
PIAZZA ARMERINA,EN,2020,NA,NA,NA,NA,NA,NA,NA,NA,NA,NA,NA,NA,NA,NA,NA,NA,NA,NA,NA,NA,NA,NA,NA,NA,NA
GRUMO NEVANO,NA,2020,0,16938162,5553828,506558,7952307,252866,0,1854251,0,5802168,1290638,353410,0,0,0,8068031,33437241,36531,150752,6406769,89788293,1320900,0,0,116748
BELMONTE MEZZAGNO,PA,2020,NA,NA,NA,NA,NA,NA,NA,NA,NA,NA,NA,NA,NA,NA,NA,NA,NA,NA,NA,NA,NA,NA,NA,NA,NA
FERRUZZANO,RC,2020,73020,626539,2043853,154413,552875,0,2518629,6500,0,502971,229269,150000,0,0,0,2262077,6252433,203145,0,1446516,19288714,0,1879349,0,387124
TURSI,MT,2020,0,4000000,4155128,137302,810009,231189,0,40000,0,5163694,1115281,107910,22186,0,0,3043518,27397980,30747,23881,3247823,51656590,1515052,124,0,845953
FOPPOLO,BG,2020,0,205229,158790,229601,30,NA,0,nan,0,4328,7200,5360,0,0,0,199225,1113657,nan,0,303642,2297418,56461,13894,0,0
VALLE DI MADDALONI,CE,2020,0,1550632,106130,210254,22522,NA,0,nan,nan,48105,107249,17326,0,0,0,639809,318578,0,2206,855664,4043842,161710,2448,nan,1208
PALIZZI,RC,2020,0,1100000,3709490,231800,150124,65995,2210831,164086,0,400725,123015,591591,0,0,0,1375961,4566076,0,40957,7488578,39558898,17012194,156791,0,236679
CASORIA,NA,2020,0,8550236,543288,321106,6087494,NA,1059714,0,171527,3503302,2681834,58523,0,0,0,20822050,42401005,375274,100679,18092024,105865495,1071480,0,0,25957
LEONFORTE,EN,2020,1000,1500000,586909,0,3082351,0,0,1084925,7890,704469,580930,23557,0,0,0,4869000,3064146,18100,137952,2339006,19179314,951643,37345,7950,182141
POGGIO NATIVO,RI,2020,0,nan,10800,341292,30717,NA,0,nan,0,233807,32107,6105,0,0,0,462481,185303,nan,0,574546,1950361,69073,0,0,4132
BUSCEMI,SR,2020,NA,NA,NA,NA,NA,NA,NA,NA,NA,NA,NA,NA,NA,NA,NA,NA,NA,NA,NA,NA,NA,NA,NA,NA,NA
DRAGONI,CE,2020,4000,1142597,2045934,516303,657142,17330,182296,6255,0,208933,261706,1627547,0,0,0,3682778,2258207,1643,47411,5781397,22483484,3849694,209643,0,0
GRUMO APPULA,BA,2020,226646,2000000,3462797,417898,13104693,240914,0,168781,0,3160691,1536998,586878,0,0,0,8199425,14228482,0,84486,10974811,60894622,1331476,6741,0,1403820
PIETRASTORNINA,AV,2020,0,1148916,244966,104200,19807,NA,0,0,0,77736,86456,1293,2500,0,0,459436,718629,0,0,147487,3244162,226420,0,9,6306
ARPINO,FR,2020,nan,nan,18982,963923,605389,NA,0,nan,0,470581,373620,nan,0,18584,0,1728772,11372405,4000,51114,1087425,17373999,473848,31000,0,174356
BRANCALEONE,RC,2020,0,4718,755500,237729,510582,NA,0,0,0,68003,164685,13124,0,0,0,1275019,7411686,0,0,1368082,11815420,0,3500,0,2792
ALTILIA,CS,2020,0,697452,82458,45113,34676,NA,nan,nan,0,27551,30909,400,0,0,0,315936,357184,0,61055,209611,1896628,nan,0,0,34284
SANTA DOMENICA VITTORIA,ME,2020,0,1600000,236140,75069,129258,0,10779,60000,0,3237759,35265,1269741,0,0,0,1544586,4724186,258100,0,2542097,15849706,126525,200,0,0
BENESTARE,RC,2020,0,0,19043,160167,763124,NA,0,0,0,74463,73336,0,0,0,0,629544,268174,0,0,411372,2415946,0,0,0,16722
AIDONE,EN,2020,NA,NA,NA,NA,NA,NA,NA,NA,NA,NA,NA,NA,NA,NA,NA,NA,NA,NA,NA,NA,NA,NA,NA,NA,NA
ISPICA,RG,2020,NA,NA,NA,NA,NA,NA,NA,NA,NA,NA,NA,NA,NA,NA,NA,NA,NA,NA,NA,NA,NA,NA,NA,NA,NA
TRABIA,PA,2020,0,6746946,9374319,960118,2797350,165982,2156264,116458,0,532506,536115,7629671,0,0,0,4406884,1859307,13333,55637,29295079,72601729,5810005,250338,24000,37399
ACQUAPPESA,CS,2021,NA,NA,NA,NA,NA,NA,NA,NA,NA,NA,NA,NA,NA,NA,NA,NA,NA,NA,NA,NA,NA,NA,NA,NA,NA
SANT'AGATA DI ESARO,CS,2021,5000,3698521,3820513,53512,455207,18894,316201,10000,0,2962372,194931,13214,0,0,0,655784,1650578,10308,4232,1949449,16422939,557723,1287,0,64108
MANIACE,CT,2021,1673,3424023,186330,191839,188758,NA,35522,nan,0,112881,108611,265685,0,nan,0,1013333,1410732,5366,nan,1174546,8691327,567033,0,0,4996
DECOLLATURA,CZ,2021,0,nan,6904,153003,378457,NA,nan,nan,0,505810,nan,147415,0,0,0,584860,248213,2950,19917,434515,2568418,86374,0,0,nan
MILITELLO ROSMARINO,ME,2021,NA,NA,NA,NA,NA,NA,NA,NA,NA,NA,NA,NA,NA,NA,NA,NA,NA,NA,NA,NA,NA,NA,NA,NA,NA
MONGIARDINO LIGURE,AL,2021,0,nan,28268,15018,22025,NA,0,nan,0,5184,0,0,0,0,0,131616,83920,0,0,237953,775000,190534,0,0,60483
BISIGNANO,CS,2021,0,5959662,319673,548606,1025241,NA,230146,nan,0,715558,216035,103539,nan,51471,0,3150312,9942330,28286,52379,2193165,25098918,443761,0,14343,104411
SANT'ANTIMO,NA,2021,0,nan,4729301,607383,6307746,NA,1228785,nan,0,1609349,907858,17786,0,0,0,3998816,64843477,16456,34837,10323704,97305351,2658142,0,0,21710
TAORMINA,ME,2021,0,0,723550,361374,2053055,NA,2999700,nan,0,779504,763889,33156,0,0,0,3212580,1971974,78440,130179,6169998,19611209,nan,219030,0,114780
SERRA SAN BRUNO,VV,2021,2038,0,546747,723635,292967,NA,0,0,0,513479,64896,80785,0,0,0,2646546,8215610,20514,0,3417509,16561607,0,0,0,36881
AMOROSI,BN,2021,0,3538238,81162,100030,181770,NA,nan,nan,0,85999,617879,33117,nan,0,0,857994,1991805,1709,28741,1997815,9754241,221776,nan,0,16206
TORA E PICCILLI,CE,2021,10890,800000,867830,25402,32827,17080,1601059,15494,0,15886,17769,0,0,0,0,4491839,2801441,0,0,580558,13951514,2674858,0,0,15660
BARRAFRANCA,EN,2021,NA,NA,NA,NA,NA,NA,NA,NA,NA,NA,NA,NA,NA,NA,NA,NA,NA,NA,NA,NA,NA,NA,NA,NA,NA
FLORIDIA,SR,2021,0,16504258,1056397,117735,2811490,0,0,79042,0,1800583,1108151,749976,0,0,0,5530707,4188808,54421,67880,6107119,41325504,942786,35503,0,170647
CASIGNANA,RC,2021,0,4273070,1384534,178056,153185,0,0,10411272,0,127559,0,0,187000,0,0,3651608,503584,372371,1484296,858921,23641373,0,53943,0,1973
LUOGOSANO,AV,2021,0,1587148,152360,201468,67599,NA,132429,0,0,19669,37138,0,0,0,0,662303,2120086,0,0,940854,6015699,0,0,0,94646
SOVERIA MANNELLI,CZ,2021,0,3691180,257240,172362,1704088,251329,0,2632673,85255,1212271,118434,87792,0,0,0,1948051,846614,589713,5060,2242391,16122501,458647,0,0,70731
GUARDIAGRELE,CH,2021,0,305941,127016,108207,3693463,NA,18643,0,0,752957,498420,71597,0,0,0,1719421,17945831,5723,40534,1537258,28441813,1144905,273986,0,197911
VILLA SAN GIOVANNI,RC,2021,0,0,34992,477279,1274599,NA,0,0,0,466972,536577,5700,0,0,0,3126255,24184621,19391,990,8125592,39437928,1117578,39020,0,28363
FIUMEFREDDO DI SICILIA,CT,2021,0,25416,908164,361242,445340,NA,300,0,0,334251,372103,51529,0,0,0,2630846,9720767,3603,8453,2023559,16909259,0,1000,0,22688
PALAGONIA,CT,2021,6012,18509058,583401,1867194,8011410,297781,5719451,213124,0,428191,847080,0,198578,2398890,0,6414180,17462170,1650,0,14945478,78872810,1135894,131049,0,0
ITALA,ME,2021,0,5000000,65091,329694,219994,137425,82000,9600,0,1017723,121655,69498,0,0,0,1489034,2121544,0,0,971079,12077394,580483,0,0,0
NARO,AG,2022,NA,NA,NA,NA,NA,NA,NA,NA,NA,NA,NA,NA,NA,NA,NA,NA,NA,NA,NA,NA,NA,NA,NA,NA,NA
MARIGLIANELLA,NA,2022,NA,NA,NA,NA,NA,NA,NA,NA,NA,NA,NA,NA,NA,NA,NA,NA,NA,NA,NA,NA,NA,NA,NA,NA,NA
FRASCATI,RM,2022,7673,0,953928,4136768,2118361,NA,0,0,0,2285333,1035318,29024,0,0,0,9190782,3725929,18907,133258,5508256,30516313,391473,17400,4551,959354
CANICATTI',AG,2022,NA,NA,NA,NA,NA,NA,NA,NA,NA,NA,NA,NA,NA,NA,NA,NA,NA,NA,NA,NA,NA,NA,NA,NA,NA
CALATABIANO,CT,2022,1500,5950544,19194,119462,418622,278505,0,22000,10000,107881,279412,4060,0,0,0,1859805,3056000,nan,nan,1740194,13816074,176500,0,0,50900
CROSIA,CS,2022,0,6477744,938790,347095,728351,NA,0,0,0,143852,776270,21139,0,0,0,2865199,4848319,0,13350,3311142,21067918,555560,10000,19305,11801
AFRAGOLA,NA,2022,0,100826,1764915,954146,11092132,NA,1364341,0,0,1298321,2865238,14828,180103,0,0,13625184,43984679,4443,204000,26649000,106698969,1786230,0,809925,658
CALTAGIRONE,CT,2022,NA,NA,NA,NA,NA,NA,NA,NA,NA,NA,NA,NA,NA,NA,NA,NA,NA,NA,NA,NA,NA,NA,NA,NA,NA
AMENDOLARA,CS,2022,0,705519,18000,375367,84131,NA,0,0,0,420778,373497,48073,0,0,0,2553202,4914588,0,0,890451,11189698,806092,0,0,0
BOLOGNANO,PE,2022,0,2245737,167464,66191,68836,NA,16478,0,0,118015,9858,0,0,0,0,591600,251586,17440,0,556952,4152103,40555,0,0,1392
TORTORICI,ME,2022,0,108877,94019,733530,296437,NA,26959,0,5617,955075,127850,0,0,0,0,2516569,8073923,0,0,931845,14252523,367203,0,0,14619
CARINOLA,CE,2022,0,894231,210094,970835,429819,NA,0,0,28812,202624,218590,35276,0,0,0,2096328,10328921,0,0,1769250,17257911,66115,0,0,7015
JOPPOLO,VV,2022,0,524302,969668,348148,53453,NA,0,0,0,93429,51953,0,0,0,0,3363947,4566596,500,0,301622,10292489,13722,0,0,5150
PEDARA,CT,2022,NA,NA,NA,NA,NA,NA,NA,NA,NA,NA,NA,NA,NA,NA,NA,NA,NA,NA,NA,NA,NA,NA,NA,NA,NA
FRIGNANO,CE,2022,0,0,95657,801486,279384,NA,0,0,0,421191,259527,0,0,0,0,1543030,627357,21381,0,1540375,5942475,353088,0,0,0
CERETTO LOMELLINA,PV,2022,0,0,0,478,94412,NA,0,0,0,0,2559,0,0,0,0,297295,67001,0,0,10309,511492,39255,0,183,0
CASACANDITELLA,CH,2022,0,3216541,6808666,122629,106532,402713,0,35000,0,866483,36308,500,0,0,0,547221,868835,5469,0,329230,13297435,239000,0,0,115021
GUALTIERI SICAMINO',ME,2022,NA,NA,NA,NA,NA,NA,NA,NA,NA,NA,NA,NA,NA,NA,NA,NA,NA,NA,NA,NA,NA,NA,NA,NA,NA
MALVAGNA,ME,2022,nan,2500000,541573,81902,60671,24250,nan,33894,nan,147569,27467,500,0,0,0,707727,5084480,nan,34039,647273,10010331,63718,77519,0,2000
SAN DANIELE PO,CR,2022,276,1047714,6120,129225,101713,NA,2474,nan,0,164426,76592,21705,0,0,0,433327,155948,44622,0,134832,2640928,302034,7048,1256,11615
NOTO,SR,2022,NA,NA,NA,NA,NA,NA,NA,NA,NA,NA,NA,NA,NA,NA,NA,NA,NA,NA,NA,NA,NA,NA,NA,NA,NA
SANTO STEFANO ROERO,CN,2022,0,417189,0,150775,28865,NA,0,0,0,42919,0,30942,0,0,0,188235,81018,3925,451,91827,1130891,94545,0,0,200
PIZZONE,IS,2022,0,231911,40833,75706,8371,NA,0,0,0,1344,10971,784,0,3081,0,349264,740173,0,25000,145450,1694268,60937,443,0,0
PIETRADEFUSI,AV,2022,0,0,170435,228522,83780,NA,0,0,0,52222,58836,180448,0,0,0,617654,1971717,2063,0,585506,3981827,30645,0,0,0
GRANITI,ME,2022,NA,NA,NA,NA,NA,NA,NA,NA,NA,NA,NA,NA,NA,NA,NA,NA,NA,NA,NA,NA,NA,NA,NA,NA,NA
PAOLISI,BN,2022,NA,NA,NA,NA,NA,NA,NA,NA,NA,NA,NA,NA,NA,NA,NA,NA,NA,NA,NA,NA,NA,NA,NA,NA,NA
GROTTERIA,RC,2023,NA,NA,NA,NA,NA,NA,NA,NA,NA,NA,NA,NA,NA,NA,NA,NA,NA,NA,NA,NA,NA,NA,NA,NA,NA
SANTA VENERINA,CT,2023,NA,NA,NA,NA,NA,NA,NA,NA,NA,NA,NA,NA,NA,NA,NA,NA,NA,NA,NA,NA,NA,NA,NA,NA,NA
SANT'ANGELO A FASANELLA,SA,2023,0,360043,894875,146472,235969,46453,0,22000,12343,1495249,9423,11355,0,0,0,871924,2377112,229,3976011,1292842,14346346,1764434,91500,0,784565
NISCEMI,CL,2023,NA,NA,NA,NA,NA,NA,NA,NA,NA,NA,NA,NA,NA,NA,NA,NA,NA,NA,NA,NA,NA,NA,NA,NA,NA
ISOLA DELLE FEMMINE,PA,2023,NA,NA,NA,NA,NA,NA,NA,NA,NA,NA,NA,NA,NA,NA,NA,NA,NA,NA,NA,NA,NA,NA,NA,NA,NA
PETROSINO,TP,2023,NA,NA,NA,NA,NA,NA,NA,NA,NA,NA,NA,NA,NA,NA,NA,NA,NA,NA,NA,NA,NA,NA,NA,NA,NA
GIOIA SANNITICA,CE,2023,0,5000000,3059273,325915,1109566,213374,629,100000,0,960221,249001,187920,0,0,0,1683662,8372673,77143,489076,9862814,36221808,4378065,349849,0,16000
USTICA,PA,2023,0,2100000,1706820,259889,979071,58869,0,23000,0,672526,79285,105534,0,0,0,1838737,7600642,600,98853,3909705,20588310,975136,32950,0,205563
MONTELANICO,RM,2023,3220,1802045,264805,59088,330377,267313,256713,0,0,1900985,71070,138230,0,0,0,1155687,703834,2858,49537,817169,8564990,664057,21843,0,323471
OLIVERI,ME,2023,NA,NA,NA,NA,NA,NA,NA,NA,NA,NA,NA,NA,NA,NA,NA,NA,NA,NA,NA,NA,NA,NA,NA,NA,NA
MAZZARINO,CL,2023,NA,NA,NA,NA,NA,NA,NA,NA,NA,NA,NA,NA,NA,NA,NA,NA,NA,NA,NA,NA,NA,NA,NA,NA,NA
CHIETI,CH,2023,0,22266390,775925,8903223,10827548,3183817,15793,11780168,1020,2829490,1910639,770001,0,0,0,31364933,61030744,16712,520328,15887210,186763976,16584306,236617,51785,991145
PIETRAPAOLA,CS,2023,0,1027371,4868040,242747,101365,106800,18000,0,0,112067,207307,29960,0,74115,0,1864109,1905206,500,163786,3916966,14720957,182416,0,0,7002
TORRICE,FR,2023,0,3895383,672376,398374,910026,175969,121835,78000,0,6698435,107924,936476,0,0,0,1093270,1027344,161631,0,8828943,27531533,2576852,0,0,24663
PIETRADEFUSI,AV,2023,0,602000,4996032,269818,107110,6585,0,560685,0,239835,103310,175229,0,0,0,880190,6924907,982352,1033,2353181,20713553,2338476,0,7087,172309
CACCAMO,PA,2023,NA,NA,NA,NA,NA,NA,NA,NA,NA,NA,NA,NA,NA,NA,NA,NA,NA,NA,NA,NA,NA,NA,NA,NA,NA
ORTA DI ATELLA,CE,2023,0,10000000,2818688,2350768,6292228,1486863,0,841681,0,4177262,448393,897778,0,0,0,6037280,3175552,12345,0,5210650,42447503,131879,0,0,53000
CHIARAMONTE GULFI,RG,2023,NA,NA,NA,NA,NA,NA,NA,NA,NA,NA,NA,NA,NA,NA,NA,NA,NA,NA,NA,NA,NA,NA,NA,NA,NA
VOLLA,NA,2023,0,3500000,3128909,510669,6773566,2328870,0,100000,0,5592458,1087587,55207,0,0,0,9494565,29778081,0,198490,9095737,69348269,0,0,0,33000
ACI CATENA,CT,2023,NA,NA,NA,NA,NA,NA,NA,NA,NA,NA,NA,NA,NA,NA,NA,NA,NA,NA,NA,NA,NA,NA,NA,NA,NA
MOIO ALCANTARA,ME,2023,6436,300000,1244967,363227,146459,21587,105853,0,0,146345,12320,165469,0,0,0,910517,2433121,36932,29052,4777140,11805627,1077559,16600,0,33630
MILO,CT,2023,NA,NA,NA,NA,NA,NA,NA,NA,NA,NA,NA,NA,NA,NA,NA,NA,NA,NA,NA,NA,NA,NA,NA,NA,NA
GELA,CL,2023,NA,NA,NA,NA,NA,NA,NA,NA,NA,NA,NA,NA,NA,NA,NA,NA,NA,NA,NA,NA,NA,NA,NA,NA,NA
BASSIANO,LT,2023,0,468000,1414909,47796,65426,93658,15812,35372,0,363743,170365,593721,0,0,0,787702,931324,140,56305,1701491,8255823,1110591,306775,50,186300
BARCELLONA POZZO DI GOTTO,ME,2023,361158,30012781,3745410,1552781,16045943,3637012,0,180000,814,4067301,1458466,1224877,0,0,0,19665936,73150848,2562477,216689,27497055,194907966,5913315,95900,0,7156216
GENAZZANO,RM,2023,2100,5278978,1673125,268624,794548,286295,0,nan,0,911432,160860,4200,0,0,0,5120082,2727483,57690,0,2711904,20473082,369760,3702,0,388593
SANT'ALFIO,CT,2023,564,3178000,2583953,121056,298620,12398,129320,50000,818,1238087,118695,12474,19911,0,0,3581515,4890645,564,42490,4330285,23208432,1759311,146768,0,705356
CAMASTRA,AG,2023,39300,2278973,180963,126537,983876,148297,0,14333,0,1405758,262008,7800,0,0,0,1957184,1384115,0,66926,756219,10334792,570709,0,0,300090
CAPIZZI,ME,2023,0,2000000,3040958,280175,1130782,0,1246964,1124049,0,3457623,173241,11656339,0,0,0,4661769,6935575,302654,1018500,6542850,58405725,13571770,0,0,1262477
